tokens,ner_tags
"['<strong>', 'Tracking', 'Options', '</strong>', '<br>', '<br>', 'You', 'can', 'set', 'your', 'Internet', 'browser', 'settings', 'to', 'stop', 'accepting', 'new', 'cookies,', 'to', 'receive', 'notice', 'when', 'you', 'receive', 'a', 'new', 'cookie,', 'to', 'disable', 'existing', 'cookies,', 'and', 'to', 'omit', 'images', '(which', 'will', 'disable', 'pixel', 'tags).', 'Note', 'that', 'the', 'opt-out', 'will', 'apply', 'only', 'to', 'the', 'browser', 'that', 'you', 'are', 'using', 'when', 'you', 'adjust', 'your', 'tracking', 'settings', 'or', 'cookie', 'preferences.', 'Our', 'system', 'may', 'not', 'respond', 'to', 'Do', 'Not', 'Track', 'requests', 'or', 'headers', 'from', 'some', 'or', 'all', 'browsers.', 'You', 'can', 'learn', 'more', 'about', 'and', 'opt', 'out', 'from', 'receiving', 'third', 'party', 'advertiser', 'cookies', 'by', 'visiting', 'the', 'Digital', 'Advertising', ""Alliance's"", 'opt-out', 'page', 'here.', 'Without', 'cookies', 'or', 'pixel', 'tags', 'though,', 'you', 'may', 'not', 'be', 'able', 'to', 'take', 'full', 'advantage', 'of', 'all', 'of', ""Kraft's"", 'website', 'features.', 'We', 'adhere', 'to', 'the', 'Digital', 'Advertising', 'Alliance', 'Self-Regulatory', 'Principles', 'for', 'Online', 'Behavioral', 'Advertising.', '<br>', '<br>']","['O', 'O', 'O', 'O', 'O', 'O', 'O', 'O', 'O', 'O', 'O', 'O', 'O', 'O', 'O', 'O', 'O', 'O', 'O', 'O', 'O', 'O', 'O', 'O', 'O', 'O', 'O', 'O', 'O', 'O', 'O', 'O', 'O', 'O', 'O', 'O', 'O', 'O', 'O', 'O', 'O', 'O', 'O', 'O', 'O', 'O', 'O', 'O', 'O', 'O', 'O', 'O', 'O', 'O', 'O', 'O', 'O', 'O', 'O', 'O', 'O', 'O', 'O', 'O', 'O', 'B-MEN', 'I-MEN', 'I-MEN', 'I-MEN', 'I-MEN', 'I-MEN', 'I-MEN', 'I-MEN', 'I-MEN', 'I-MEN', 'I-MEN', 'I-MEN', 'I-MEN', 'I-MEN', 'I-MEN', 'O', 'O', 'O', 'O', 'O', 'O', 'O', 'O', 'O', 'O', 'O', 'O', 'O', 'O', 'O', 'O', 'O', 'O', 'O', 'O', 'O', 'O', 'O', 'O', 'O', 'O', 'O', 'O', 'O', 'O', 'O', 'O', 'O', 'O', 'O', 'O', 'O', 'O', 'O', 'O', 'O', 'O', 'O', 'O', 'O', 'O', 'O', 'O', 'O', 'O', 'O', 'O', 'O', 'O', 'O', 'O', 'O', 'O', 'O']"
"['Cookies,', 'Beacons,', 'Local', 'Storage', 'and', 'Other', 'Similar', 'Technologies.', 'We', 'use', '""cookies,""', 'Web', 'beacons,', 'HTML5', 'local', 'storage', 'and', 'other', 'similar', 'technologies.', 'These', 'technologies', 'allow', 'us', 'to', 'manage', 'access', 'to', 'and', 'use', 'of', 'the', 'SIDEARM', 'Services,', 'recognize', 'you', 'and', 'provide', 'personalization,', 'and', 'help', 'us', 'to', 'understand', 'how', 'users', 'engaged', 'with', 'the', 'SIDEARM', 'Services.', 'You', 'will', 'not', 'be', 'able', 'to', 'access', 'certain', 'areas', 'of', 'our', 'Web', 'Sites,', 'if', 'your', 'computer', 'does', 'not', 'accept', 'cookies', 'from', 'us.', 'We', 'do', 'not', 'respond', 'to', 'browser-based', '""do', 'not', 'track""', 'signals.', '<br>', '<br>']","['O', 'O', 'O', 'O', 'O', 'O', 'O', 'O', 'O', 'O', 'O', 'O', 'O', 'O', 'O', 'O', 'O', 'O', 'O', 'O', 'O', 'O', 'O', 'O', 'O', 'O', 'O', 'O', 'O', 'O', 'O', 'O', 'O', 'O', 'O', 'O', 'O', 'O', 'O', 'O', 'O', 'O', 'O', 'O', 'O', 'O', 'O', 'O', 'O', 'O', 'O', 'O', 'O', 'O', 'O', 'O', 'O', 'O', 'O', 'O', 'O', 'O', 'O', 'O', 'O', 'O', 'O', 'O', 'O', 'O', 'O', 'O', 'O', 'B-NHON', 'I-NHON', 'I-NHON', 'I-NHON', 'I-NHON', 'I-NHON', 'I-NHON', 'I-NHON', 'I-NHON', 'I-NHON', 'O', 'O']"
"['<strong>', 'DO', 'NOT', 'TRACK:', '</strong>', 'MNG', 'currently', 'does', 'not', 'support', 'Do', 'Not', 'Track', 'browser', 'settings', 'and', 'does', 'not', 'currently', 'participate', 'in', 'any', 'Do', 'Not', 'Track', 'frameworks', 'that', 'would', 'allow', 'us', 'to', 'respond', 'to', 'signals', 'or', 'other', 'mechanism', 'from', 'you', 'regarding', 'the', 'collection', 'of', 'information,', 'including', 'PIN', 'or', 'CIN.', 'As', 'Industry', 'standards', 'evolve', 'and', 'develop,', 'we', 'will', 'continue', 'to', 'evaluate', 'this', 'position.', 'As', 'previously', 'stated', 'in', 'the', 'INFORMATION', 'COLLECTED', 'section', 'above,', 'other', 'parties,', 'particularly', 'third', 'party', 'advertising', 'networks,', 'also', 'collect', 'information.', '<br>', '<br>']","['O', 'O', 'O', 'O', 'O', 'B-NHON', 'I-NHON', 'I-NHON', 'I-NHON', 'I-NHON', 'I-NHON', 'I-NHON', 'I-NHON', 'I-NHON', 'I-NHON', 'I-NHON', 'I-NHON', 'I-NHON', 'I-NHON', 'I-NHON', 'I-NHON', 'I-NHON', 'I-NHON', 'I-NHON', 'I-NHON', 'I-NHON', 'I-NHON', 'I-NHON', 'I-NHON', 'I-NHON', 'I-NHON', 'I-NHON', 'I-NHON', 'I-NHON', 'I-NHON', 'I-NHON', 'I-NHON', 'I-NHON', 'I-NHON', 'I-NHON', 'I-NHON', 'I-NHON', 'I-NHON', 'I-NHON', 'I-NHON', 'I-NHON', 'I-NHON', 'I-NHON', 'O', 'O', 'O', 'O', 'O', 'O', 'O', 'O', 'O', 'O', 'O', 'O', 'O', 'O', 'O', 'O', 'O', 'O', 'O', 'O', 'O', 'O', 'O', 'O', 'O', 'O', 'O', 'O', 'O', 'O', 'O', 'O', 'O', 'O']"
"['<strong>', 'California', 'Do', 'Not', 'Track', 'Notice', '</strong>', '<br>', '<br>', 'Some', 'browsers', 'offer', 'a', '""Do', 'Not', 'Track""', 'feature', 'that', 'lets', 'you', 'tell', 'websites', 'that', 'you', 'do', 'not', 'want', 'to', 'have', 'your', 'online', 'activities', 'tracked.', 'We', 'do', 'not', 'respond', 'to', 'these', '""Do', 'Not', 'Track""', 'signals.', 'At', 'this', 'time,', 'we', 'do', 'not', 'track', 'your', 'personal', 'information', 'about', 'your', 'online', 'activities', 'over', 'time', 'and', 'across', 'third', 'party', 'websites.', 'We', 'also', 'do', 'not', 'authorize', 'third', 'parties', 'to', 'collect', 'any', 'personal', 'information', 'from', 'you', 'on', 'the', 'Sites', 'for', 'these', 'purposes.', '<br>', '<br>']","['O', 'B-NHON', 'I-NHON', 'I-NHON', 'I-NHON', 'I-NHON', 'I-NHON', 'O', 'O', 'I-NHON', 'O', 'O', 'O', 'O', 'O', 'I-NHON', 'O', 'O', 'O', 'O', 'O', 'O', 'O', 'O', 'I-NHON', 'O', 'O', 'I-NHON', 'O', 'O', 'O', 'I-NHON', 'O', 'O', 'O', 'O', 'O', 'O', 'O', 'O', 'I-NHON', 'O', 'O', 'I-NHON', 'O', 'O', 'O', 'O', 'O', 'I-NHON', 'O', 'O', 'O', 'O', 'O', 'O', 'O', 'O', 'O', 'O', 'O', 'O', 'O', 'O', 'O', 'O', 'O', 'I-NHON', 'O', 'O', 'O', 'O', 'O', 'O', 'O', 'O', 'O', 'O', 'O', 'I-NHON', 'O', 'O', 'O', 'O', 'O', 'O', 'I-NHON', 'I-NHON', 'I-NHON', 'I-NHON', 'I-NHON', 'I-NHON', 'I-NHON', 'I-NHON', 'I-NHON', 'I-NHON', 'I-NHON', 'I-NHON', 'I-NHON', 'I-NHON', 'I-NHON', 'I-NHON', 'I-NHON', 'I-NHON', 'I-NHON', 'I-NHON', 'I-NHON', 'I-NHON', 'I-NHON', 'I-NHON', 'I-NHON', 'I-NHON', 'I-NHON', 'I-NHON', 'I-NHON', 'I-NHON', 'I-NHON', 'I-NHON', 'I-NHON', 'I-NHON', 'I-NHON', 'I-NHON', 'I-NHON', 'I-NHON', 'I-NHON', 'I-NHON', 'I-NHON', 'I-NHON', 'I-NHON', 'I-NHON', 'I-NHON', 'I-NHON', 'I-NHON', 'I-NHON', 'I-NHON', 'I-NHON', 'I-NHON', 'I-NHON', 'I-NHON', 'I-NHON', 'I-NHON', 'I-NHON', 'I-NHON', 'I-NHON', 'I-NHON', 'I-NHON', 'I-NHON', 'I-NHON', 'I-NHON', 'I-NHON']"
"['As', 'discussed', 'below,', 'you', 'may', 'opt', 'out', 'of', 'third', 'party', 'tracking', 'on', 'the', 'Service', 'at', 'any', 'time.', 'However,', 'we', 'do', 'not', 'currently', 'support', 'any', 'browser', 'based', 'Do', 'Not', 'Track', '(DNT)', 'settings', 'or', 'participate', 'in', 'any', 'DNT', 'frameworks,', 'and', 'we', 'do', 'not', 'assign', 'any', 'meaning', 'to', 'any', 'potential', 'DNT', 'track', 'signals', 'you', 'may', 'send', 'or', 'alter', 'any', 'of', 'our', 'data', 'collection', 'or', 'use', 'practices', 'in', 'response', 'to', 'such', 'signals.', '<br>', '<br>']","['B-NHON', 'I-NHON', 'I-NHON', 'I-NHON', 'I-NHON', 'I-NHON', 'I-NHON', 'I-NHON', 'I-NHON', 'I-NHON', 'I-NHON', 'I-NHON', 'I-NHON', 'I-NHON', 'I-NHON', 'I-NHON', 'I-NHON', 'I-NHON', 'I-NHON', 'I-NHON', 'I-NHON', 'I-NHON', 'I-NHON', 'I-NHON', 'I-NHON', 'I-NHON', 'I-NHON', 'I-NHON', 'I-NHON', 'I-NHON', 'I-NHON', 'I-NHON', 'I-NHON', 'I-NHON', 'I-NHON', 'I-NHON', 'I-NHON', 'I-NHON', 'I-NHON', 'I-NHON', 'I-NHON', 'I-NHON', 'I-NHON', 'I-NHON', 'I-NHON', 'I-NHON', 'I-NHON', 'I-NHON', 'I-NHON', 'I-NHON', 'I-NHON', 'I-NHON', 'I-NHON', 'I-NHON', 'I-NHON', 'I-NHON', 'I-NHON', 'I-NHON', 'I-NHON', 'I-NHON', 'I-NHON', 'I-NHON', 'I-NHON', 'I-NHON', 'I-NHON', 'I-NHON', 'I-NHON', 'I-NHON', 'O', 'O']"
"['Do', 'Not', 'Track', 'Signals', '<br>', '<br>', 'Our', 'websites', 'do', 'not', 'treat', 'browsers', 'that', 'send', 'a', 'do', 'not', 'track', 'signal', 'differently', 'from', 'browsers', 'that', 'do', 'not', 'send', 'one.', '<br>', '<br>']","['O', 'O', 'O', 'O', 'O', 'O', 'B-NHON', 'I-NHON', 'I-NHON', 'I-NHON', 'I-NHON', 'I-NHON', 'I-NHON', 'I-NHON', 'I-NHON', 'I-NHON', 'I-NHON', 'I-NHON', 'I-NHON', 'I-NHON', 'I-NHON', 'I-NHON', 'I-NHON', 'I-NHON', 'I-NHON', 'I-NHON', 'I-NHON', 'O', 'O']"
"['Cookies,', 'Beacons,', 'Local', 'Storage', 'and', 'Other', 'Similar', 'Technologies.', 'We', 'use', '""cookies,""', 'Web', 'beacons,', 'HTML5', 'local', 'storage', 'and', 'other', 'similar', 'technologies.', 'These', 'technologies', 'allow', 'us', 'to', 'manage', 'access', 'to', 'and', 'use', 'of', 'the', 'Services,', 'recognize', 'you', 'and', 'provide', 'personalization,', 'and', 'help', 'us', 'understand', 'how', 'people', 'use', 'the', 'NYT', 'Services.', 'You', 'will', 'not', 'be', 'able', 'to', 'access', 'certain', 'areas', 'of', 'our', 'websites,', 'including', 'NYTimes.com,', 'if', 'your', 'computer', 'does', 'not', 'accept', 'cookies', 'from', 'us.', 'We', 'do', 'not', 'respond', 'to', 'browser-based', '""do', 'not', 'track""', 'signals.', 'For', 'more', 'detailed', 'information', 'about', 'our', 'use', 'of', 'cookies', 'and', 'local', 'storage,', 'and', 'how', 'to', 'manage', 'them,', 'see', 'Frequently', 'Asked', 'Questions', 'About', 'Cookies', 'and', 'Similar', 'Technologies', 'in', 'our', 'Help', 'section.', '<br>', '<br>']","['O', 'O', 'O', 'O', 'O', 'O', 'O', 'O', 'O', 'O', 'O', 'O', 'O', 'O', 'O', 'O', 'O', 'O', 'O', 'O', 'O', 'O', 'O', 'O', 'O', 'O', 'O', 'O', 'O', 'O', 'O', 'O', 'O', 'O', 'O', 'O', 'O', 'O', 'O', 'O', 'O', 'O', 'O', 'O', 'O', 'O', 'O', 'O', 'O', 'O', 'O', 'O', 'O', 'O', 'O', 'O', 'O', 'O', 'O', 'O', 'O', 'O', 'O', 'O', 'O', 'O', 'O', 'O', 'O', 'O', 'O', 'B-NHON', 'I-NHON', 'I-NHON', 'I-NHON', 'I-NHON', 'I-NHON', 'I-NHON', 'I-NHON', 'I-NHON', 'I-NHON', 'O', 'O', 'O', 'O', 'O', 'O', 'O', 'O', 'O', 'O', 'O', 'O', 'O', 'O', 'O', 'O', 'O', 'O', 'O', 'O', 'O', 'O', 'O', 'O', 'O', 'O', 'O', 'O', 'O', 'O', 'O', 'O']"
"['<strong>', ""california's"", ""'do"", 'not', ""track'"", 'law', '</strong>', '<br>', '<br>', ""reddit's"", 'website', 'does', 'not', 'currently', 'respond', 'to', 'a', 'Do', 'Not', 'Track', '(""DNT"")', 'or', 'similar', 'signal', 'as', 'it', 'awaits', 'the', 'results', 'of', 'efforts', 'by', 'the', 'policy', 'and', 'legal', 'community', 'to', 'determine', 'the', 'meaning', 'of', 'DNT', 'and', 'the', 'proper', 'way', 'to', 'respond.', 'reddit', 'does', 'not', 'allow', 'other', 'parties', 'to', 'collect', 'personally', 'identifiable', 'information', 'from', 'users', 'on', 'reddit.', '<br>', '<br>']","['O', 'O', 'O', 'O', 'O', 'O', 'O', 'O', 'O', 'B-NHON', 'I-NHON', 'I-NHON', 'I-NHON', 'I-NHON', 'I-NHON', 'I-NHON', 'I-NHON', 'I-NHON', 'I-NHON', 'I-NHON', 'I-NHON', 'I-NHON', 'I-NHON', 'I-NHON', 'O', 'O', 'O', 'O', 'O', 'O', 'O', 'O', 'O', 'O', 'O', 'O', 'O', 'O', 'O', 'O', 'O', 'O', 'O', 'O', 'O', 'O', 'O', 'O', 'O', 'O', 'O', 'O', 'O', 'O', 'O', 'O', 'O', 'O', 'O', 'O', 'O', 'O', 'O', 'O', 'O', 'O']"
"['D.', 'As', 'discussed', 'below,', 'you', 'may', 'opt', 'out', 'of', 'third', 'party', 'tracking', 'on', 'the', 'Service', 'at', 'any', 'time.', 'However,', 'we', 'do', 'not', 'currently', 'support', 'any', 'browser', 'based', 'Do', 'Not', 'Track', '(DNT)', 'settings', 'or', 'participate', 'in', 'any', 'DNT', 'frameworks,', 'and', 'we', 'do', 'not', 'assign', 'any', 'meaning', 'to', 'potential', 'DNT', 'track', 'signals', 'you', 'may', 'send', 'or', 'alter', 'any', 'of', 'our', 'data', 'collection', 'or', 'use', 'practices', 'in', 'response', 'to', 'such', 'signals.', '<br>', '<br>']","['O', 'O', 'O', 'O', 'O', 'O', 'O', 'O', 'O', 'O', 'O', 'O', 'O', 'O', 'O', 'O', 'O', 'O', 'B-NHON', 'I-NHON', 'I-NHON', 'I-NHON', 'I-NHON', 'I-NHON', 'I-NHON', 'I-NHON', 'I-NHON', 'I-NHON', 'I-NHON', 'I-NHON', 'I-NHON', 'I-NHON', 'I-NHON', 'I-NHON', 'I-NHON', 'I-NHON', 'I-NHON', 'I-NHON', 'I-NHON', 'I-NHON', 'I-NHON', 'I-NHON', 'I-NHON', 'I-NHON', 'I-NHON', 'I-NHON', 'I-NHON', 'I-NHON', 'I-NHON', 'I-NHON', 'I-NHON', 'I-NHON', 'I-NHON', 'I-NHON', 'I-NHON', 'I-NHON', 'I-NHON', 'I-NHON', 'I-NHON', 'I-NHON', 'I-NHON', 'I-NHON', 'I-NHON', 'I-NHON', 'I-NHON', 'I-NHON', 'I-NHON', 'I-NHON', 'O', 'O']"
"['<strong>', 'Your', 'California', 'Privacy', 'Rights:', 'Notice', 'to', 'California', 'Customers', '</strong>', '<br>', '<br>', ""California's"", '""Shine', 'the', 'Light""', 'law,', 'Civil', 'Code', 'section', '1798.83,', 'requires', 'certain', 'businesses', 'to', 'respond', 'to', 'requests', 'from', 'California', 'customers', 'asking', 'about', 'the', ""businesses'"", 'practices', 'related', 'to', 'disclosing', 'personal', 'information', 'to', 'third', 'parties', 'for', 'the', 'third', ""parties'"", 'direct', 'marketing', 'purposes.', 'Alternately,', 'such', 'businesses', 'may', 'have', 'in', 'place', 'a', 'policy', 'not', 'to', 'disclose', 'personal', 'information', 'of', 'customers', 'to', 'third', 'parties', 'for', 'the', 'third', ""parties'"", 'direct', 'marketing', 'purposes', 'if', 'the', 'customer', 'has', 'exercised', 'an', 'option', 'to', 'opt-out', 'of', 'such', 'information-sharing.', '(Note:', 'Time', 'Inc.', 'sites', 'do', 'not', 'recognize', 'the', '""do', 'not', 'track', 'signals""', 'that', 'some', 'browsers', 'may', 'employ.)', 'As', 'discussed', 'above,', 'if', 'you', 'wish', 'to', 'opt-out', 'of', 'our', 'sharing', 'of', 'your', 'information', 'with', 'third', 'parties', 'for', 'the', 'third', ""parties'"", 'direct', 'marketing', 'purposes', 'offline', 'please', 'click', 'here,', 'or', 'for', 'email', 'please', 'click', 'here.', 'To', 'find', 'out', 'more', 'about', 'your', 'opt-out', 'rights,', 'please', 'contact', 'us', 'as', 'described', 'in', 'the', '""How', 'to', 'Contact', 'Us""', 'section', 'below.', '<br>', '<br>']","['O', 'O', 'O', 'O', 'O', 'O', 'O', 'O', 'O', 'O', 'O', 'O', 'O', 'O', 'O', 'O', 'O', 'O', 'O', 'O', 'O', 'O', 'O', 'O', 'O', 'O', 'O', 'O', 'O', 'O', 'O', 'O', 'O', 'O', 'O', 'O', 'O', 'O', 'O', 'O', 'O', 'O', 'O', 'O', 'O', 'O', 'O', 'O', 'O', 'O', 'O', 'O', 'O', 'O', 'O', 'O', 'O', 'O', 'O', 'O', 'O', 'O', 'O', 'O', 'O', 'O', 'O', 'O', 'O', 'O', 'O', 'O', 'O', 'O', 'O', 'O', 'O', 'O', 'O', 'O', 'O', 'O', 'O', 'O', 'O', 'O', 'O', 'O', 'O', 'B-NHON', 'I-NHON', 'I-NHON', 'I-NHON', 'I-NHON', 'I-NHON', 'I-NHON', 'I-NHON', 'I-NHON', 'I-NHON', 'I-NHON', 'I-NHON', 'I-NHON', 'I-NHON', 'I-NHON', 'I-NHON', 'I-NHON', 'O', 'O', 'O', 'O', 'O', 'O', 'O', 'O', 'O', 'O', 'O', 'O', 'O', 'O', 'O', 'O', 'O', 'O', 'O', 'O', 'O', 'O', 'O', 'O', 'O', 'O', 'O', 'O', 'O', 'O', 'O', 'O', 'O', 'O', 'O', 'O', 'O', 'O', 'O', 'O', 'O', 'O', 'O', 'O', 'O', 'O', 'O', 'O', 'O', 'O', 'O', 'O', 'O', 'O', 'O', 'O', 'O']"
"['<ul>', '<li>', 'We', 'do', 'not', 'respond', 'to', 'web', 'browser', '""do', 'not', 'track""', 'or', 'other', 'related', 'mechanisms', 'at', 'this', 'time.', '</ul>', '</li>']","['O', 'O', 'B-NHON', 'I-NHON', 'I-NHON', 'I-NHON', 'I-NHON', 'I-NHON', 'I-NHON', 'I-NHON', 'I-NHON', 'I-NHON', 'I-NHON', 'I-NHON', 'I-NHON', 'I-NHON', 'I-NHON', 'I-NHON', 'I-NHON', 'O', 'O']"
"['Do', 'Not', 'Track', 'Disclosure', ':', 'The', 'JibJab', 'Sites', 'do', 'not', 'currently', 'respond', 'to', '""Do', 'Not', 'Track""', 'signals', 'of', 'Web', 'browsers.', 'However,', 'should', 'the', 'industry', 'establish', 'uniform', 'technological', 'standards', 'for', 'recognizing', 'and', 'interpreting', '""Do', 'Not', 'Track""', 'signals,', 'the', 'JibJab', 'Sites', 'would', 'be', 'open', 'to', 'following', 'such', 'industry', 'standards.', '<br>', '<br>']","['O', 'O', 'O', 'O', 'O', 'B-NHON', 'I-NHON', 'I-NHON', 'I-NHON', 'I-NHON', 'I-NHON', 'I-NHON', 'I-NHON', 'I-NHON', 'I-NHON', 'I-NHON', 'I-NHON', 'I-NHON', 'I-NHON', 'I-NHON', 'B-OTH', 'I-OTH', 'I-OTH', 'I-OTH', 'I-OTH', 'I-OTH', 'I-OTH', 'I-OTH', 'I-OTH', 'I-OTH', 'I-OTH', 'I-OTH', 'I-OTH', 'I-OTH', 'I-OTH', 'I-OTH', 'I-OTH', 'I-OTH', 'I-OTH', 'I-OTH', 'I-OTH', 'I-OTH', 'I-OTH', 'I-OTH', 'I-OTH', 'I-OTH', 'I-OTH', 'O', 'O']"
"['g.', 'Tracking', 'Requests.', 'Hearst', 'does', 'not', 'act', 'on', 'Do', 'Not', 'Track', 'requests', 'from', 'your', 'browser.', 'For', 'more', 'information', 'click', 'here', '<br>', '<br>']","['O', 'O', 'O', 'O', 'O', 'O', 'O', 'O', 'O', 'O', 'O', 'O', 'O', 'O', 'O', 'O', 'O', 'O', 'O', 'O', 'O', 'O', 'B-NHON', 'I-NHON', 'I-NHON', 'I-NHON', 'I-NHON', 'I-NHON', 'I-NHON', 'I-NHON', 'I-NHON', 'I-NHON', 'I-NHON', 'I-NHON', 'I-NHON', 'I-NHON', 'I-NHON', 'I-NHON', 'I-NHON', 'I-NHON', 'I-NHON']"
"['h.', 'Effect', 'of', 'Tracking', 'Requests.', 'Hearst', 'does', 'not', 'act', 'on', 'Do', 'Not', 'Track', 'requests', 'from', 'your', 'browser', 'because,', 'this', 'way,', 'we', 'are', 'able', 'to', 'personalize', 'your', 'experience', 'on', 'our', 'sites', 'and', 'tailor', 'content', 'to', 'your', 'interests.', '<br>', '<br>']","['O', 'B-NHON', 'I-NHON', 'I-NHON', 'I-NHON', 'I-NHON', 'I-NHON', 'I-NHON', 'I-NHON', 'I-NHON', 'I-NHON', 'I-NHON', 'I-NHON', 'I-NHON', 'I-NHON', 'I-NHON', 'I-NHON', 'I-NHON', 'I-NHON', 'I-NHON', 'I-NHON', 'I-NHON', 'I-NHON', 'I-NHON', 'I-NHON', 'I-NHON', 'I-NHON', 'I-NHON', 'I-NHON', 'I-NHON', 'I-NHON', 'I-NHON', 'I-NHON', 'I-NHON', 'I-NHON', 'I-NHON', 'O', 'O']"
"['Currently,', 'our', 'Sites', 'do', 'not', 'respond', 'to', '""Do', 'Not', 'Track""', 'signals', 'from', 'your', 'browser.', '<br>', '<br>']","['B-NHON', 'I-NHON', 'I-NHON', 'I-NHON', 'I-NHON', 'I-NHON', 'I-NHON', 'I-NHON', 'I-NHON', 'I-NHON', 'I-NHON', 'I-NHON', 'I-NHON', 'I-NHON', 'O', 'O']"
"['<strong>', 'Do-Not-Track', 'Signals', 'and', 'Similar', 'Mechanisms.', '</strong>', '<br>', '<br>', 'Some', 'web', 'browsers', 'may', 'transmit', 'do-not-track', 'signals', 'to', 'the', 'websites', 'with', 'which', 'the', 'user', 'communicates.', 'Because', 'of', 'differences', 'in', 'how', 'web', 'browsers', 'incorporate', 'and', 'activate', 'this', 'feature,', 'it', 'is', 'not', 'always', 'clear', 'whether', 'users', 'intend', 'for', 'these', 'signals', 'to', 'be', 'transmitted,', 'or', 'whether', 'they', 'even', 'are', 'aware', 'of', 'them.', 'Because', 'there', 'currently', 'is', 'no', 'industry', 'standard', 'concerning', 'what,', 'if', 'anything,', 'websites', 'should', 'do', 'when', 'they', 'receive', 'such', 'signals,', 'the', 'Services', 'currently', 'do', 'not', 'take', 'action', 'in', 'response', 'to', 'these', 'signals.', 'If', 'and', 'when', 'a', 'final', 'standard', 'is', 'established', 'and', 'accepted,', 'we', 'will', 'reassess', 'how', 'to', 'respond', 'to', 'these', 'signals.', 'In', 'the', 'meantime,', 'please', 'see', 'Online', 'Tracking', '&', 'Advertising', 'for', 'additional', 'information', 'about', 'privacy', 'choices', 'that', 'may', 'be', 'available', 'to', 'you', 'with', 'respect', 'to', 'targeted', 'advertising.', '<br>', '<br>']","['O', 'O', 'O', 'O', 'O', 'O', 'O', 'O', 'O', 'O', 'O', 'O', 'O', 'O', 'O', 'O', 'O', 'O', 'O', 'O', 'O', 'O', 'O', 'O', 'O', 'O', 'O', 'O', 'O', 'O', 'O', 'O', 'O', 'O', 'O', 'O', 'O', 'O', 'O', 'O', 'O', 'O', 'O', 'O', 'O', 'O', 'O', 'O', 'O', 'O', 'O', 'O', 'O', 'O', 'O', 'O', 'O', 'O', 'O', 'O', 'O', 'O', 'O', 'O', 'O', 'O', 'O', 'O', 'O', 'O', 'O', 'O', 'O', 'O', 'O', 'O', 'O', 'B-NHON', 'I-NHON', 'I-NHON', 'I-NHON', 'I-NHON', 'I-NHON', 'I-NHON', 'I-NHON', 'I-NHON', 'I-NHON', 'I-NHON', 'I-NHON', 'O', 'O', 'O', 'O', 'O', 'O', 'O', 'O', 'O', 'O', 'O', 'O', 'O', 'O', 'O', 'O', 'O', 'O', 'O', 'O', 'O', 'O', 'O', 'O', 'O', 'O', 'O', 'O', 'O', 'O', 'O', 'O', 'O', 'O', 'O', 'O', 'O', 'O', 'O', 'O', 'O', 'O', 'O', 'O', 'O', 'O', 'O']"
"['<strong>', '2.', 'How', 'We', 'Collect', 'Your', 'Information', '</strong>', '<br>', '<br>', '<ul>', '<li>', 'We', 'collect', 'information', 'you', 'provide', 'to', 'us', 'when', 'you', 'request', 'products,', 'services', 'or', 'information', 'from', 'us,', 'register', 'with', 'us,', 'participate', 'in', 'public', 'forumsor', 'other', 'activities', 'on', 'our', 'sites', 'and', 'applications,', 'respond', 'to', 'customer', 'surveys,', 'or', 'otherwise', 'interact', 'with', 'us.', 'Please', 'keep', 'in', 'mind', 'that', 'when', 'you', 'provide', 'information', 'to', 'us', 'on', 'a', 'third-party', 'site', 'or', 'platform', '(for', 'example,', 'via', 'our', 'applications),', 'the', 'information', 'you', 'provide', 'may', 'be', 'separately', 'collected', 'by', 'the', 'third-party', 'site', 'or', 'platform.', 'The', 'information', 'we', 'collect', 'is', 'covered', 'by', 'this', 'privacy', 'policy', 'and', 'the', 'information', 'the', 'third-party', 'site', 'or', 'platform', 'collects', 'is', 'subject', 'to', 'the', 'third-party', 'site', 'or', 'platforms', 'privacy', 'practices.', 'Privacy', 'choices', 'you', 'have', 'made', 'on', 'the', 'third-party', 'site', 'or', 'platform', 'will', 'not', 'apply', 'to', 'our', 'use', 'of', 'the', 'information', 'we', 'have', 'collected', 'directly', 'through', 'our', 'applications.', '</ul>', '</li>']","['O', 'O', 'O', 'O', 'O', 'O', 'O', 'O', 'O', 'O', 'O', 'O', 'O', 'O', 'O', 'O', 'O', 'O', 'O', 'O', 'O', 'O', 'O', 'O', 'O', 'O', 'O', 'O', 'O', 'O', 'O', 'O', 'O', 'O', 'O', 'O', 'O', 'O', 'O', 'O', 'O', 'O', 'O', 'O', 'O', 'O', 'O', 'O', 'O', 'O', 'O', 'O', 'O', 'O', 'O', 'O', 'O', 'O', 'O', 'O', 'O', 'O', 'O', 'O', 'O', 'O', 'O', 'O', 'O', 'O', 'O', 'O', 'O', 'O', 'O', 'O', 'O', 'O', 'O', 'O', 'O', 'O', 'O', 'O', 'O', 'O', 'O', 'O', 'O', 'O', 'O', 'O', 'O', 'O', 'O', 'O', 'O', 'O', 'O', 'O', 'O', 'O', 'O', 'O', 'O', 'O', 'O', 'O', 'O', 'O', 'O', 'O', 'O', 'O', 'O', 'O', 'O', 'O', 'O', 'O', 'O', 'O', 'O', 'O', 'O', 'O', 'O', 'O', 'O', 'O', 'O', 'O', 'O', 'O', 'O', 'O', 'O', 'O', 'O', 'O', 'O', 'O', 'O', 'O', 'O', 'B-MEN', 'I-MEN', 'I-MEN', 'I-MEN']"
"['Do', 'Not', 'Track', 'Signals', '.', 'At', 'this', 'time', 'we', 'do', 'not', 'respond', 'to', 'browser', 'Do', 'Not', ""Track'"", 'signals,', 'as', 'we', 'await', 'the', 'work', 'of', 'interested', 'stakeholders', 'and', 'others', 'to', 'develop', 'standards', 'for', 'how', 'such', 'signals', 'should', 'be', 'interpreted.', '<br>', '<br>']","['B-NHON', 'I-NHON', 'I-NHON', 'I-NHON', 'I-NHON', 'I-NHON', 'I-NHON', 'I-NHON', 'I-NHON', 'I-NHON', 'I-NHON', 'I-NHON', 'I-NHON', 'I-NHON', 'I-NHON', 'I-NHON', 'I-NHON', 'I-NHON', 'I-NHON', 'I-NHON', 'I-NHON', 'I-NHON', 'I-NHON', 'I-NHON', 'I-NHON', 'I-NHON', 'I-NHON', 'I-NHON', 'I-NHON', 'I-NHON', 'I-NHON', 'I-NHON', 'I-NHON', 'I-NHON', 'I-NHON', 'I-NHON', 'I-NHON', 'I-NHON', 'O', 'O']"
"['How', 'does', 'our', 'site', 'handle', 'do', 'not', 'track', 'signals?', '<br>', '<br>', 'We', 'honor', 'do', 'not', 'track', 'signals', 'and', 'do', 'not', 'track,', 'plant', 'cookies,', 'or', 'use', 'advertising', 'when', 'a', 'Do', 'Not', 'Track', '(DNT)', 'browser', 'mechanism', 'is', 'in', 'place.', '<br>', '<br>']","['O', 'O', 'O', 'O', 'O', 'O', 'O', 'O', 'O', 'O', 'O', 'B-HON', 'I-HON', 'I-HON', 'I-HON', 'I-HON', 'I-HON', 'I-HON', 'I-HON', 'I-HON', 'I-HON', 'I-HON', 'I-HON', 'I-HON', 'I-HON', 'I-HON', 'I-HON', 'I-HON', 'I-HON', 'I-HON', 'I-HON', 'I-HON', 'I-HON', 'I-HON', 'I-HON', 'I-HON', 'I-HON', 'O', 'O']"
"['<strong>', 'Do', 'Not', 'Track', '</strong>', '<br>', '<br>', 'We', 'do', 'not', 'currently', 'actively', 'respond', 'to', '""Do', 'Not', 'Track""', 'browser', 'signals', 'or', 'mechanisms', 'that', 'indicate', 'a', 'request', 'to', 'disable', 'online', 'tracking', 'of', 'individual', 'users', 'who', 'use', 'our', 'sites', 'and', 'services.', '<br>', '<br>']","['O', 'O', 'O', 'O', 'O', 'O', 'O', 'B-NHON', 'I-NHON', 'I-NHON', 'I-NHON', 'I-NHON', 'I-NHON', 'I-NHON', 'I-NHON', 'I-NHON', 'I-NHON', 'I-NHON', 'I-NHON', 'I-NHON', 'I-NHON', 'I-NHON', 'I-NHON', 'I-NHON', 'I-NHON', 'I-NHON', 'I-NHON', 'I-NHON', 'I-NHON', 'I-NHON', 'I-NHON', 'I-NHON', 'I-NHON', 'I-NHON', 'I-NHON', 'I-NHON', 'I-NHON', 'I-NHON', 'O', 'O']"
"['Do', 'Not', 'Track:', 'Do', 'Not', 'Track', '(DNT)', 'is', 'a', 'privacy', 'preference', 'that', 'users', 'can', 'set', 'in', 'their', 'web', 'browsers,', 'allowing', 'users', 'to', 'opt', 'out', 'of', 'tracking', 'by', 'websites', 'and', 'online', 'services.', 'At', 'the', 'present', 'time,', 'the', 'World', 'Wide', 'Web', 'Consortium', '(W3C)', 'has', 'not', 'yet', 'established', 'universal', 'standards', 'for', 'recognizable', 'DNT', 'signals,', 'and,', 'therefore,', 'GameStop', 'does', 'not', 'recognize', 'DNT.', '<br>', '<br>']","['B-NHON', 'I-NHON', 'I-NHON', 'I-NHON', 'I-NHON', 'I-NHON', 'I-NHON', 'I-NHON', 'I-NHON', 'I-NHON', 'I-NHON', 'I-NHON', 'I-NHON', 'I-NHON', 'I-NHON', 'I-NHON', 'I-NHON', 'I-NHON', 'I-NHON', 'I-NHON', 'I-NHON', 'I-NHON', 'I-NHON', 'I-NHON', 'I-NHON', 'I-NHON', 'I-NHON', 'I-NHON', 'I-NHON', 'I-NHON', 'I-NHON', 'I-NHON', 'I-NHON', 'I-NHON', 'I-NHON', 'I-NHON', 'I-NHON', 'I-NHON', 'I-NHON', 'I-NHON', 'I-NHON', 'I-NHON', 'I-NHON', 'I-NHON', 'I-NHON', 'I-NHON', 'I-NHON', 'I-NHON', 'I-NHON', 'I-NHON', 'I-NHON', 'I-NHON', 'I-NHON', 'I-NHON', 'I-NHON', 'I-NHON', 'I-NHON', 'I-NHON', 'O', 'O']"
"['""Do', 'Not', 'Track""', 'Signals', '<br>', '<br>', 'Some', 'web', 'browsers', 'may', 'transmit', '""do', 'not', 'track""', 'signals', 'to', 'the', 'websites', 'and', 'other', 'online', 'services', 'with', 'which', 'the', 'browser', 'communicates.', 'There', 'is', 'no', 'standard', 'that', 'governs', 'what,', 'if', 'anything,', 'websites', 'should', 'do', 'when', 'they', 'receive', 'these', 'signals.', 'AOL', 'currently', 'does', 'not', 'take', 'action', 'in', 'response', 'to', 'these', 'signals.', 'If', 'and', 'when', 'a', 'standard', 'for', 'responding', 'is', 'established,', 'we', 'may', 'revisit', 'its', 'policy', 'on', 'responding', 'to', 'these', 'signals.', '<br>', '<br>']","['O', 'O', 'O', 'O', 'O', 'O', 'B-NHON', 'I-NHON', 'I-NHON', 'I-NHON', 'I-NHON', 'I-NHON', 'I-NHON', 'I-NHON', 'I-NHON', 'I-NHON', 'I-NHON', 'I-NHON', 'I-NHON', 'I-NHON', 'I-NHON', 'I-NHON', 'I-NHON', 'I-NHON', 'I-NHON', 'I-NHON', 'I-NHON', 'I-NHON', 'I-NHON', 'I-NHON', 'I-NHON', 'I-NHON', 'I-NHON', 'I-NHON', 'I-NHON', 'I-NHON', 'I-NHON', 'I-NHON', 'I-NHON', 'I-NHON', 'I-NHON', 'I-NHON', 'I-NHON', 'I-NHON', 'I-NHON', 'I-NHON', 'I-NHON', 'I-NHON', 'I-NHON', 'I-NHON', 'I-NHON', 'I-NHON', 'I-NHON', 'I-NHON', 'I-NHON', 'I-NHON', 'I-NHON', 'I-NHON', 'I-NHON', 'I-NHON', 'I-NHON', 'I-NHON', 'I-NHON', 'I-NHON', 'I-NHON', 'I-NHON', 'I-NHON', 'I-NHON', 'I-NHON', 'I-NHON', 'I-NHON', 'I-NHON', 'I-NHON', 'I-NHON', 'O', 'O']"
"['<strong>', 'Do', 'Not', 'Track', 'Disclosure', '</strong>', '<br>', '<br>', 'Certain', 'web', 'browsers', 'may', 'provide', 'an', 'option', 'by', 'which', 'you', 'may', 'ask', 'your', 'browser', 'to', 'inform', 'websites', 'you', 'visit', 'that', 'you', 'do', 'not', 'wish', 'your', 'activities', 'to', 'be', 'tracked', 'by', 'cookies', 'or', 'other', 'persistent', 'identifiers,', 'commonly', 'called', '""Do', 'Not', 'Track', 'Signals"".', 'Although', 'Barnes', '&', 'Noble', 'Websites', 'are', 'currently', 'unable', 'to', 'respond', 'to', 'Do', 'Not', 'Track', 'Signals,', 'you', 'may', 'opt', 'out', 'of', 'tracking', 'activities', 'bv', 'following', 'the', 'instructions', 'in', 'this', 'Privacy', 'Policy', 'to', 'opt', 'out', 'of', 'IBM', 'Coremetrics', 'and', 'behavioral', 'advertising.', '<br>', '<br>']","['O', 'O', 'O', 'O', 'O', 'O', 'O', 'O', 'O', 'O', 'O', 'O', 'O', 'O', 'O', 'O', 'O', 'O', 'O', 'O', 'O', 'O', 'O', 'O', 'O', 'O', 'O', 'O', 'O', 'O', 'O', 'O', 'O', 'O', 'O', 'O', 'O', 'O', 'O', 'O', 'O', 'O', 'O', 'O', 'O', 'O', 'O', 'O', 'O', 'O', 'B-NHON', 'I-NHON', 'I-NHON', 'I-NHON', 'I-NHON', 'I-NHON', 'I-NHON', 'I-NHON', 'I-NHON', 'I-NHON', 'I-NHON', 'I-NHON', 'I-NHON', 'I-NHON', 'O', 'O', 'O', 'O', 'O', 'O', 'O', 'O', 'O', 'O', 'O', 'O', 'O', 'O', 'O', 'O', 'O', 'O', 'O', 'O', 'O', 'O', 'O', 'O', 'O', 'O']"
"['Your', 'browser', 'or', 'device', 'may', 'include', 'Do', 'Not', 'Track', 'functionality.', 'Because', 'a', 'Do', 'Not', 'Track', 'compliance', 'protocol', 'has', 'not', 'yet', 'been', 'finalized,', 'The', 'Atlantics', 'information', 'collection', 'and', 'disclosure', 'practices,', 'and', 'the', 'choices', 'that', 'we', 'provide', 'to', 'customers,', 'will', 'continue', 'to', 'operate', 'as', 'described', 'in', 'this', 'privacy', 'policy,', 'whether', 'or', 'not', 'a', 'Do', 'Not', 'Track', 'signal', 'is', 'received.', '<br>', '<br>']","['B-MEN', 'I-MEN', 'I-MEN', 'I-MEN', 'I-MEN', 'I-MEN', 'I-MEN', 'I-MEN', 'I-MEN', 'I-MEN', 'I-MEN', 'I-MEN', 'I-MEN', 'I-MEN', 'I-MEN', 'I-MEN', 'I-MEN', 'I-MEN', 'I-MEN', 'I-MEN', 'I-MEN', 'I-MEN', 'I-MEN', 'I-MEN', 'I-MEN', 'I-MEN', 'I-MEN', 'I-MEN', 'I-MEN', 'I-MEN', 'I-MEN', 'I-MEN', 'I-MEN', 'I-MEN', 'I-MEN', 'I-MEN', 'I-MEN', 'I-MEN', 'I-MEN', 'I-MEN', 'I-MEN', 'I-MEN', 'I-MEN', 'I-MEN', 'I-MEN', 'I-MEN', 'I-MEN', 'I-MEN', 'I-MEN', 'I-MEN', 'I-MEN', 'I-MEN', 'I-MEN', 'I-MEN', 'I-MEN', 'I-MEN', 'I-MEN', 'O', 'O']"
"['<strong>', 'Do', 'Not', 'Track.', '</strong>', '<br>', '<br>', 'Do', 'Not', 'Track', 'is', 'a', 'standard', 'that', 'is', 'currently', 'under', 'development.', 'As', 'it', 'is', 'not', 'yet', 'finalized,', 'we', 'do', 'not', 'currently', 'respond', 'to', 'browser', 'do-not-track', 'signals.', 'Instead,', 'we', 'adhere', 'to', 'the', 'standards', 'set', 'out', 'in', 'this', 'privacy', 'policy', 'and', 'offer', 'the', 'opt-out', 'choices', 'described', 'above.', '<br>', '<br>']","['O', 'O', 'O', 'O', 'O', 'O', 'O', 'O', 'O', 'O', 'O', 'O', 'O', 'O', 'O', 'O', 'O', 'O', 'O', 'O', 'O', 'O', 'O', 'O', 'B-NHON', 'I-NHON', 'I-NHON', 'I-NHON', 'I-NHON', 'I-NHON', 'I-NHON', 'I-NHON', 'I-NHON', 'B-OTH', 'I-OTH', 'I-OTH', 'I-OTH', 'I-OTH', 'I-OTH', 'I-OTH', 'I-OTH', 'I-OTH', 'I-OTH', 'I-OTH', 'I-OTH', 'I-OTH', 'I-OTH', 'I-OTH', 'I-OTH', 'I-OTH', 'I-OTH', 'I-OTH', 'O', 'O']"
"['You', 'can', 'choose', 'to', 'limit', 'Behavioral', 'Advertising', 'on', 'the', 'Sites', 'by', 'clicking', 'here', 'and', 'opting-out', 'of', 'cookies', 'placed', 'by', 'those', 'vendors', 'listed.', 'After', 'you', 'opt-out,', 'you', 'will', 'still', 'see', 'advertisements', 'but', 'the', 'advertising', 'may', 'not', 'be', 'as', 'relevant', 'to', 'your', 'interests.', 'If', 'you', 'change', 'your', 'computer,', 'change', 'your', 'browser,', 'or', 'delete', 'your', 'cookies,', 'you', 'will', 'need', 'to', 'renew', 'your', 'opt-out.', 'Our', 'Sites', 'currently', 'are', 'not', 'setup', 'to', 'process', 'or', 'respond', 'to', '""Do', 'Not', 'Track""', 'settings', 'or', 'signals', 'from', 'web', 'browsers.', 'We', 'do', 'adhere', 'to', 'the', 'Self-Regulatory', 'Principles', 'for', 'Online', 'Behavioral', 'Advertising', 'of', 'the', 'Digital', 'Advertising', 'Alliance', '(for', 'more', 'information', 'click', 'here).', '<br>', '<br>']","['O', 'O', 'O', 'O', 'O', 'O', 'O', 'O', 'O', 'O', 'O', 'O', 'O', 'O', 'O', 'O', 'O', 'O', 'O', 'O', 'O', 'O', 'O', 'O', 'O', 'O', 'O', 'O', 'O', 'O', 'O', 'O', 'O', 'O', 'O', 'O', 'O', 'O', 'O', 'O', 'O', 'O', 'O', 'O', 'O', 'O', 'O', 'O', 'O', 'O', 'O', 'O', 'O', 'O', 'O', 'O', 'O', 'O', 'O', 'O', 'B-NHON', 'I-NHON', 'I-NHON', 'I-NHON', 'I-NHON', 'I-NHON', 'I-NHON', 'I-NHON', 'I-NHON', 'I-NHON', 'I-NHON', 'I-NHON', 'I-NHON', 'I-NHON', 'I-NHON', 'I-NHON', 'I-NHON', 'I-NHON', 'I-NHON', 'I-NHON', 'I-NHON', 'I-NHON', 'I-NHON', 'I-NHON', 'I-NHON', 'I-NHON', 'I-NHON', 'I-NHON', 'I-NHON', 'I-NHON', 'I-NHON', 'I-NHON', 'I-NHON', 'I-NHON', 'I-NHON', 'I-NHON', 'I-NHON', 'I-NHON', 'I-NHON', 'I-NHON', 'I-NHON', 'O', 'O']"
"['How', 'we', 'respond', 'to', 'Do', 'Not', 'Track', 'Disclosures', '.', '<br>', '<br>', 'Some', 'browsers', 'have', 'a', 'do', 'not', 'track', 'feature', 'that', 'lets', 'you', 'tell', 'websites', 'that', 'you', 'do', 'not', 'want', 'to', 'have', 'your', 'online', 'activities', 'tracked.', 'Because', 'these', 'features', 'are', 'not', 'yet', 'uniform,', 'we', 'are', 'not', 'currently', 'set', 'up', 'to', 'respond', 'to', 'do', 'not', 'track', 'signals.', 'Our', 'information', 'and', 'disclosure', 'practices', 'will', 'continue', 'to', 'apply', 'as', 'described', 'in', 'this', 'privacy', 'policy', 'regardless', 'of', 'any', 'Do', 'Not', 'Track', 'signals', 'that', 'are', 'sent', 'by', 'certain', 'browsers.', '<br>', '<br>']","['O', 'O', 'O', 'O', 'O', 'O', 'O', 'O', 'O', 'O', 'O', 'B-NHON', 'I-NHON', 'I-NHON', 'I-NHON', 'I-NHON', 'I-NHON', 'I-NHON', 'I-NHON', 'I-NHON', 'I-NHON', 'I-NHON', 'I-NHON', 'I-NHON', 'I-NHON', 'I-NHON', 'I-NHON', 'I-NHON', 'I-NHON', 'I-NHON', 'I-NHON', 'I-NHON', 'I-NHON', 'I-NHON', 'I-NHON', 'I-NHON', 'I-NHON', 'I-NHON', 'I-NHON', 'I-NHON', 'I-NHON', 'I-NHON', 'I-NHON', 'I-NHON', 'I-NHON', 'I-NHON', 'I-NHON', 'I-NHON', 'I-NHON', 'I-NHON', 'I-NHON', 'I-NHON', 'I-NHON', 'I-NHON', 'I-NHON', 'I-NHON', 'I-NHON', 'I-NHON', 'I-NHON', 'I-NHON', 'I-NHON', 'I-NHON', 'I-NHON', 'I-NHON', 'I-NHON', 'I-NHON', 'I-NHON', 'I-NHON', 'I-NHON', 'I-NHON', 'I-NHON', 'I-NHON', 'I-NHON', 'I-NHON', 'I-NHON', 'I-NHON', 'I-NHON', 'I-NHON', 'I-NHON', 'I-NHON', 'I-NHON', 'I-NHON', 'I-NHON', 'O', 'O']"
"['California', 'Business', '&', 'Professions', 'Code', 'Section', '22575(b)', '(as', 'amended', 'effective', 'January', '1,', '2014)', 'provides', 'that', 'California', 'residents', 'are', 'entitled', 'to', 'know', 'how', 'NBCUniversal', 'responds', 'to', '""Do', 'Not', 'Track""', 'browser', 'settings.', 'NBCUniversal', 'does', 'not', 'currently', 'take', 'actions', 'to', 'respond', 'to', 'Do', 'Not', 'Track', 'signals', 'because', 'a', 'uniform', 'technological', 'standard', 'has', 'not', 'yet', 'been', 'developed.', 'We', 'continue', 'to', 'review', 'new', 'technologies', 'and', 'may', 'adopt', 'a', 'standard', 'once', 'one', 'is', 'created.', '<br>', '<br>']","['O', 'O', 'O', 'O', 'O', 'O', 'O', 'O', 'O', 'O', 'O', 'O', 'O', 'O', 'O', 'O', 'O', 'O', 'O', 'O', 'O', 'O', 'O', 'O', 'O', 'O', 'O', 'O', 'O', 'O', 'B-NHON', 'I-NHON', 'I-NHON', 'I-NHON', 'I-NHON', 'I-NHON', 'I-NHON', 'I-NHON', 'I-NHON', 'I-NHON', 'I-NHON', 'I-NHON', 'I-NHON', 'I-NHON', 'I-NHON', 'I-NHON', 'I-NHON', 'I-NHON', 'I-NHON', 'I-NHON', 'I-NHON', 'I-NHON', 'I-NHON', 'I-NHON', 'I-NHON', 'I-NHON', 'I-NHON', 'O', 'O', 'O', 'O', 'O', 'O', 'O', 'O', 'O', 'O', 'O', 'O', 'O']"
